folder_path,image_id,class,purpose
fire,1.jpg,fire,test
fire,10-9-15-2-400.jpg,fire,train
fire,11_10_19-mjs_ft_hotel-fire_19183862.jpg,fire,test
fire,132-img1.png,fire,train
fire,132343342_21n.jpg,fire,train
fire,13518571.jpg,fire,train
fire,13518572.jpg,fire,train
fire,14.jpg,fire,test
fire,150602191030-austin-texas-dashcam-car-explosion-fire-large-169.jpg,fire,train
fire,1d797f4e7f3a3ba45ac26472b19afa0e.jpg,fire,train
fire,20130611_100618_Black-Forest-Fire-engulfs-house.jpg,fire,train
fire,201307-restroom-fire-safety-fire1.jpg,fire,train
fire,22eqf.jpg,fire,test
fire,25A072C400000578-2951223-image-a-15_1423799067621.jpg,fire,train
fire,27F1075800000578-0-image-a-1_1429880815919.jpg,fire,train
fire,2853723335_44fdafb8fa_o.jpg,fire,train
fire,2CDDD98D00000578-3246257-image-a-30_1443454943645.jpg,fire,test
fire,32313rwev.jpg,fire,test
fire,4174776173_e8c26989cc_z.jpg,fire,test
fire,437438_616553-20151008-sprinkler_D.jpg,fire,test
fire,450047458.jpg,fire,test
fire,800px-Fires_cross_a_hill_in_SoCal_October_2007.jpg,fire,train
fire,8679c62af3-lavvuliv.jpg-for-web-normal.jpg,fire,train
fire,90420_Ritter_Fire_A_031.jpg,fire,test
fire,90713_Wichman_FIre_004A.jpg,fire,test
fire,913_0.jpg,fire,train
fire,92983122.jpg,fire,test
fire,9_2_14_Andrea_Mexico_trash_1050_788_s_c1_c_c.jpg,fire,test
fire,Bedroom-fire-test-2-mins-1024x553.png,fire,train
fire,COMEX-default.jpg,fire,train
fire,California+Wildfires_Rob072616e+(1).jpg,fire,test
fire,Chimney-Fire3.jpg,fire,test
fire,Christmas-Tree-Fire-Safety.jpg,fire,test
fire,EP-151129597.jpg&MaxW=960&imageVersion=default&NCS_modified=20151124094359.jpg,fire,test
fire,FIR_LKC_ART_01_Detectingfire_bedroomfire.jpg,fire,test
fire,Fire-in-a-room.jpg,fire,test
fire,FlamesEverett House Fire.transfer_1461845684828_4041471_ver1.0_640_360.jpg,fire,train
fire,House-Fire-3-Odegard.jpg,fire,test
fire,How-to-Set-a-Living-Room-on-Fire-with-VFX-in-4K.Still002.jpg,fire,train
fire,IMG00256.jpg,fire,train
fire,Living_Room_Camp_Fire.jpg,fire,train
fire,SOURCE-TappenFire-A12.png,fire,train
fire,Still1115_00000_1479245056445_7039374_ver1.0.jpg,fire,test
fire,Tornado Of Fire Caught On Tape In Australia Fire Twister.jpg,fire,test
fire,X-Files_Office_on_fire.jpg,fire,test
fire,_91753989_capture.jpg,fire,train
fire,aggiecrk-wildfire-07072015-usfs-580.jpg,fire,train
fire,article-urn publicid ap.org d8f7d3843cf1498b9ca96b1195c90427-3Y8qqBnFtobb1933fd918ac4b382-364_634x422.jpg,fire,test
fire,bcws-carousel-2.jpg,fire,test
fire,burn-wall-street.jpg,fire,train
fire,burning-charcoal-briquettes-closeup-14552988.jpg,fire,train
fire,burning-charcoal-briquettes.jpg,fire,test
fire,burning-hause-1535712.jpg,fire,train
fire,burning-house.jpg,fire,train
fire,burning-house2.jpg,fire,test
fire,burning-houses-1-300x214.jpg,fire,test
fire,bus-fire.jpg,fire,train
fire,canada-wildfire.jpg,fire,train
fire,christmas_tree_fire.jpg,fire,test
fire,d00cc0fe53897ff01f30eba713ac8ef0.jpg,fire,train
fire,dormfire_1.jpg,fire,train
fire,dsc7056.jpg,fire,train
fire,dsc_01001.jpg,fire,train
fire,ebc22de83a24c73fe9a363709c702e41.jpg,fire,test
fire,f53d6194d2a38227e8ccbf91b42656c8.jpg,fire,train
fire,fire 22323.jpg,fire,train
fire,fire storm.jpg,fire,test
fire,fire-and-truck-desert-an-aerial-view-of-a-very-small-fire-on-the-side-of-a-road-in-a-rural-desert-landscape-a-green-tractor-stands-by-as-the-fire-burns_bdglz60p8__M0000.jpg,fire,test
fire,fire.jpg,fire,test
fire,fire1.jpg,fire,train
fire,girl-on-fire-01.jpg,fire,train
fire,house-fire-damage-03.jpg,fire,train
fire,house-fire1.jpg,fire,train
fire,house_fire.jpg,fire,test
fire,hqdefault.jpg,fire,test
fire,hqdefaultsdfsdf.jpg,fire,test
fire,image1609390x.jpg,fire,train
fire,image_update_img.jpg,fire,train
fire,images.jpg,fire,test
fire,incendie-noel.jpg,fire,test
fire,incendiu-acoperis.jpg,fire,train
fire,kjlkmnjkl;'.jpg,fire,train
fire,maxresdefault.jpg,fire,test
fire,maxresdefault23.jpg,fire,train
fire,maxresdefault24.jpg,fire,test
fire,maxresdefault568.jpg,fire,train
fire,maxresdefault6.jpg,fire,train
fire,maxresdefault7896.jpg,fire,train
fire,mfs_fire_investigation_image_bedroom_with_candles_2.jpg,fire,train
fire,mv11NWsbmdemo2.jpg,fire,train
fire,nederland-fire-12.jpg,fire,train
fire,nederland-wildfire.jpg,fire,train
fire,o-WASHINGTON-FIRE-900.jpg,fire,test
fire,office-fire_650_022415022412.jpg,fire,test
fire,pic1.jpg,fire,train
fire,railroadstreet_11-27-2002_02.jpg,fire,test
fire,room-fire.jpg,fire,test
fire,rs-237211-GettyImages-53372022.jpg,fire,test
fire,s3.reutersmedia.net.jpg,fire,train
fire,s4.reutersmedia.net.jpg,fire,test
fire,telugu-desam-office-fire_0.jpg,fire,train
fire,tree-fire.jpg,fire,train
fire,vance_ehmke_burning_farm_house_563cd154cf002.image_.jpg,fire,test
fire,wildfire-coverage-521x308.jpg,fire,train
fire,wildfire.jpg,fire,test
fire,wildfire1.png,fire,train
fire,wildfire4.jpg,fire,test
fire,wildfire_smoke_1280x720_6014533759.jpg,fire,test
fire,wildfires cover_20161118150911007_6627016_ver1.0_640_360.jpg,fire,test
fire,your-room1.jpg,fire,train
no_fire,0.07180100_1442390923_.jpg,no_fire,train
no_fire,012038.jpg,no_fire,train
no_fire,014-taal-crater-lake_586DA81BD8A34008B4CFFA1B2E206AFF.jpg,no_fire,train
no_fire,02-icehouse-louisiana-coworking-office.jpg,no_fire,train
no_fire,040210_Aurora_011.jpg,no_fire,train
no_fire,041212_BIZ_Hook_Logic_MRM_03_display.jpg,no_fire,train
no_fire,05e4f__Leshan-Giant-Buddha-China.jpg,no_fire,train
no_fire,08-Great Room.jpg,no_fire,test
no_fire,080417_4706.jpg,no_fire,train
no_fire,080502-AirportsHong Kong.grid-6x2.jpg,no_fire,train
no_fire,0921231903.jpeg,no_fire,train
no_fire,095728210-b1281187-105e-40db-8fff-2f2d5091110a.jpg,no_fire,train
no_fire,0a9c1e71be2d6c80bb7b7ea7d353fb42.jpg,no_fire,train
no_fire,0bfdc7cd49e09851cc7063ffaf20bf3a.jpg,no_fire,train
no_fire,1.jpg,no_fire,test
no_fire,10.jpg,no_fire,train
no_fire,1010212.jpg,no_fire,train
no_fire,1104525.jpg,no_fire,train
no_fire,111052980.jpg,no_fire,train
no_fire,1172602861_9119803ed4.jpg,no_fire,train
no_fire,12.jpg,no_fire,train
no_fire,1200_ded3cdcfdca66b2fc57ee8d9bbc6c827.jpg,no_fire,train
no_fire,13180942_585627594925764_312096060_n.jpg,no_fire,train
no_fire,14.jpg,no_fire,train
no_fire,1411579788990_wps_176_Pictures_by_Pal_Jakobsen_.jpg,no_fire,train
no_fire,142094477.jpg,no_fire,train
no_fire,1427216352-2tkd-northern-lights-senja-norway.jpg,no_fire,train
no_fire,1444.jpg,no_fire,train
no_fire,1453758_orig.jpg,no_fire,train
no_fire,14566688_115393625608382_6451053875163037696_n.jpg,no_fire,train
no_fire,1526t.jpg,no_fire,train
no_fire,15617910028_8d4c6b714c_b.jpg,no_fire,train
no_fire,156786897898.jpg,no_fire,train
no_fire,156ddbd4bb2536343afe883a9ad11b5d.jpg,no_fire,train
no_fire,1578587.jpg,no_fire,train
no_fire,157_TypicalOffice-1024x881.jpg,no_fire,train
no_fire,158.jpg,no_fire,test
no_fire,167713535.jpg,no_fire,train
no_fire,175822886.jpg,no_fire,train
no_fire,18 Petroglyphs Atlatl Rock.jpg,no_fire,train
no_fire,18-parade.jpg,no_fire,train
no_fire,19496.jpg,no_fire,train
no_fire,1ea2139c58e480cf9d31d8412aafc2e3.jpg,no_fire,train
no_fire,1f5cc65c_original.jpg,no_fire,train
no_fire,1truck_web.jpg,no_fire,train
no_fire,2-640x400.jpg,no_fire,train
no_fire,2-HootSuite-blog-0534.jpg,no_fire,train
no_fire,20090804-Reine-Panorama.jpg,no_fire,train
no_fire,2012-ferarri-f12-berlinetta.jpg,no_fire,train
no_fire,2014-01-21-RTKLLONDON.jpg,no_fire,train
no_fire,2015-Automobile-Magazine-All-Stars-627x416.png,no_fire,train
no_fire,201504-connect-norway-horizontal-1b.jpg,no_fire,train
no_fire,20150419EUROPEANSTREETS-slide-ID9Z-articleLarge.jpg,no_fire,train
no_fire,20150930-Einzelzimmer.jpg,no_fire,train
no_fire,2016-Ford-Mustang-GT-burnout-red-tire-smoke.jpg,no_fire,train
no_fire,20160711044639758.jpg,no_fire,train
no_fire,20bd07c102708fc2c1357735894fdac0.jpg,no_fire,train
no_fire,22ffsfg.jpg,no_fire,train
no_fire,2332.jpg,no_fire,test
no_fire,23e90181fcef550cffae7c4ff77e566d.jpg,no_fire,train
no_fire,241996-2560x1920.jpg.600x350_q85_crop.jpg,no_fire,train
no_fire,24551b883de1686d35e953d43312dedf.jpg,no_fire,test
no_fire,264929c131741c20f3a5e306a6c8b67d.jpg,no_fire,train
no_fire,281249_maroko-atlas-afp_f.jpg,no_fire,train
no_fire,2879429718_f6a88de41d_b.jpg,no_fire,train
no_fire,289259543-business-meeting-salle-de-conference-discuter-debattre-collegues.jpg,no_fire,train
no_fire,29a74da6d3a8a4577a43d76b519128c1.jpg,no_fire,train
no_fire,2_Norway-best-country-in-the-world.jpg,no_fire,test
no_fire,2e17fb5d-3f0a-4fa8-ba01-1101ce80d158.1.10.jpg,no_fire,train
no_fire,2ebfde6fa65f395b1e23f0b7b54b561d.jpg,no_fire,test
no_fire,3028310B00000578-3398915-image-a-2_1452764691811.jpg,no_fire,train
no_fire,3344142642_c4d3bfa042_b.jpg,no_fire,train
no_fire,3453064b0e3bcfb44dfea8fee4159706.jpg,no_fire,train
no_fire,348s.jpg,no_fire,train
no_fire,360px-Greenmountains.jpg,no_fire,train
no_fire,3631119830_7be2edf6aa_z.jpg,no_fire,train
no_fire,366176-office.jpg,no_fire,train
no_fire,36701_133427340015458_133421316682727_259449_2221369_n.jpg,no_fire,train
no_fire,385Springwater Trailer Resort.jpg,no_fire,train
no_fire,394_original.jpg,no_fire,train
no_fire,3q4.jpg,no_fire,train
no_fire,4.jpg,no_fire,train
no_fire,400c4254c626f0c30cdac33547ec8693_original.jpg,no_fire,train
no_fire,40e922a594c05b55618a62ee6e6cd0c3.jpg,no_fire,train
no_fire,4205c7bf872ff65b5569a54616e7fc4b.jpg,no_fire,train
no_fire,435bfd95-3be2-4be0-b909-36e5e607078b.jpg,no_fire,test
no_fire,43c82e58f5cfdb1e3483be00a9720684.jpg,no_fire,train
no_fire,4551643-interior-of-the-modern-conference-hall.jpg,no_fire,train
no_fire,45a4925c6329b15ac6184c868b78db14.jpg,no_fire,train
no_fire,45d893bb4a9e15e3ea7aab81ec783e7c.jpg,no_fire,train
no_fire,49-Great-Room-Design3.jpg,no_fire,train
no_fire,4c753813768b747811d11ffdd5dcebb5.jpg,no_fire,test
no_fire,4d97215bd7b0c4672f62c62cebaf38c7.jpg,no_fire,train
no_fire,4edcf7037ce106b5bc300f99ef671a91_936_425.jpg,no_fire,train
no_fire,5.jpg,no_fire,test
no_fire,500_F_128074665_71JRncSY29Pdumr6kt8sPLYvByWxeWXc.jpg,no_fire,train
no_fire,54ff8227d6954-living-room-gold-orange-xln.jpg,no_fire,train
no_fire,5724aaf0e4b00a870d466396_853x480_U_v1.jpg,no_fire,train
no_fire,5983c29594905fdd0be9d691c036c90b0603f68d.jpg,no_fire,train
no_fire,5f0cd5dd1c13b489e3740a141c679699.jpg,no_fire,train
no_fire,6-Wonderful-European-Vacation-Alternatives-in-North-America-81e5e534378c496bb12762e1d8978cc5.jpg,no_fire,train
no_fire,6-beautiful-ice-caves-patagonia-5.jpg,no_fire,test
no_fire,631b059038ae6882594cdcf2c733cee1.jpg,no_fire,train
no_fire,636183447534012101-DSC-2429.jpg,no_fire,train
no_fire,63dff179cc922e5f20ace4ec44e445f4.jpg,no_fire,test
no_fire,6587c2f0d1e9e056c1f18e65b3fbe7b5.jpg,no_fire,train
no_fire,65a10dc9e3ca143b6b8649191b81f665.wix_mp_1024.jpg,no_fire,train
no_fire,65c288db48faa04662a56deb59a8db1c.jpg,no_fire,train
no_fire,690x380-Lake-Tahoe-Summer-Emerald-Bay.jpg,no_fire,train
no_fire,700c959d9d4a1ae442592fceac6cb42eb915eca669fbd988bce10911a32f6253.jpg,no_fire,train
no_fire,715d8b45abe42c92abd0c6549342507f.jpg,no_fire,train
no_fire,72065.jpg,no_fire,train
no_fire,723438-norway-memorial.jpg,no_fire,train
no_fire,76e108150890ac29_6362-w500-h400-b0-p0--traditional-family-room.jpg,no_fire,train
no_fire,7875419_4_z.jpg,no_fire,train
no_fire,7ad3fe1d3bd5970e6ed98d5cfc0b5c08.jpg,no_fire,train
no_fire,7bfa705a0e9058e8e33494bbe76a330c.jpg,no_fire,train
no_fire,80406309.jpg,no_fire,train
no_fire,813e6b10-848b-478e-a471-480f14eeb271.1.10.jpg,no_fire,train
no_fire,82143-erYd3aYdaDFXh_ff3VC9MA.jpg,no_fire,train
no_fire,8471644323_90981b7693.jpg,no_fire,train
no_fire,873860-winter-in-voss-norway.jpeg,no_fire,test
no_fire,8ad01fe9c81a663751883dae687bd8e0.jpg,no_fire,train
no_fire,8f4eaec213662be924ae9e7a99d20b11.jpg,no_fire,train
no_fire,906a126cd675836e17f24837ff7ade1b.jpg,no_fire,train
no_fire,9129708.jpg,no_fire,train
no_fire,920x920.jpg,no_fire,train
no_fire,952111662014LEUDLAV.jpg.png,no_fire,train
no_fire,9544.jpg,no_fire,test
no_fire,98282906.jpg,no_fire,train
no_fire,98314964.jpg,no_fire,train
no_fire,AAEAAQAAAAAAAAJqAAAAJDAwNDUwNDAwLWUwYTAtNDlmNy1iNjk4LTY2NDk1NzFjMDI3OQ.jpg,no_fire,train
no_fire,AAEAAQAAAAAAAAKvAAAAJDY3MzVhYTUwLTY2ODktNDY5NC1hYWZjLWE4MjZmYmY0NzU1ZA.jpg,no_fire,train
no_fire,AAEAAQAAAAAAAAjsAAAAJGFlM2QxZTU2LTJjNTEtNGY5OC04OWFhLTgwODA3OTBiN2ZkNA.jpg,no_fire,train
no_fire,Adamsafter.jpg,no_fire,train
no_fire,AdvisoryCouncilMeeting477x318.jpg,no_fire,train
no_fire,Amanda Aitken Article Image 2.jpg,no_fire,train
no_fire,AspenSongBird.jpg,no_fire,train
no_fire,Athens-International-Airport.jpg,no_fire,train
no_fire,Atlantic-Road-Norway-4.jpg,no_fire,train
no_fire,Atlas_Mountain_range.jpg,no_fire,train
no_fire,B_Id_225951_norway.jpg,no_fire,train
no_fire,Bahnhofstrasse-2B-Zurich-2C-2BSwitzerland-2Btop-2B5-2Bbest-2Bshopping-2Bstreet-2B21.png,no_fire,train
no_fire,Barcode-Oslo-Norway-2-1_bd5d9b33-a6cf-4db3-b77d-ff8ca69f8edf.jpg,no_fire,train
no_fire,Beautiful-Morrocan-style-for-bedroom-design-2-530x424.jpg,no_fire,train
no_fire,Birds Nest.jpg,no_fire,train
no_fire,Bodoe_aug2010x17.jpg,no_fire,train
no_fire,Bold-Red-Colors-Decoration-in-Modern-Teen-Bedrooms.jpg,no_fire,test
no_fire,Business-Meeting-Etiquette.jpg,no_fire,train
no_fire,C201409001_C1.jpg,no_fire,train
no_fire,CCTV-in-supermarket.jpg,no_fire,train
no_fire,CM1.jpg,no_fire,train
no_fire,Carson-City-Retail-Interior-Design1.png,no_fire,train
no_fire,Christmas-Street-Stockholm.jpg,no_fire,train
no_fire,Christmas-shopping-at-Roros-norway_4df73061-0f32-4f3f-8d35-0f88fa121632.jpg,no_fire,train
no_fire,Conference_Room_CHENG_Ze.jpg,no_fire,train
no_fire,Crater-Lake-at-the-Mouth-of-Taal-Volcano-in-Luzon-Philippines.jpg,no_fire,train
no_fire,CreativeOffice_3_LgLand.jpg,no_fire,train
no_fire,DSC5740_HDR-blog-1600px.jpg,no_fire,train
no_fire,DSCN1146-600x350.jpg,no_fire,train
no_fire,DSC_0191.JPG,no_fire,train
no_fire,DT_meeting2_53_677x380_FitToBoxSmallDimension_Center.jpg,no_fire,train
no_fire,Don-Mueang-International-Airport.jpg,no_fire,train
no_fire,Dublin_shutterstock_111481523_800x.jpg,no_fire,train
no_fire,ES_execconfroom_6_712x342_FitToBoxSmallDimension_Center.jpg,no_fire,train
no_fire,Elagant-Office-Meeting-Room-Design.jpg,no_fire,train
no_fire,En-Route-Stuck-with-a-Cancelled-Flight-in-Hong-Kong-International-Airport-9426.jpg,no_fire,train
no_fire,Farah-Conference-Room.jpg,no_fire,train
no_fire,Feng-Shui-your-Bedroom-98135424-web.jpg,no_fire,train
no_fire,Fjords of Norway.jpg,no_fire,train
no_fire,Furmanek_blue010_3463757c.jpg,no_fire,train
no_fire,G044.jpg,no_fire,train
no_fire,GGBR02024A.jpg,no_fire,test
no_fire,"Geirangerfjord, Norway 6-L.jpg",no_fire,test
no_fire,Gift_Shop_52.jpg,no_fire,train
no_fire,Gingerbread_House_Essex_CT.jpg,no_fire,train
no_fire,Glamorous-Living-Room-Decor-Ideas-with-Crystalist-Chandelier-Lightings-Furnished-with-White-Sofa-and-Chair-plus-White-Table-and-Round-Ottoman-on-Thick-Rug.jpg,no_fire,train
no_fire,Grand-Deluxe-Room-King-Bed-Big32201584154.jpg,no_fire,train
no_fire,Great+Room.jpg,no_fire,train
no_fire,Gullivers-0840-small-8c1235a8.png,no_fire,train
no_fire,HGOYD202H_sad-neglected-backyard-before.jpg.rend.hgtvcom.966.725.jpeg,no_fire,test
no_fire,HX_meetingroom_9_425x303_FitToBoxSmallDimension_Center.jpg,no_fire,train
no_fire,Haikou Mingguang hotel_deluxe room.jpg,no_fire,train
no_fire,Helgeland-hiking-Rodoy-Norway-2-1_c3ea0777-bf05-4677-98ca-a6028c3d0564.jpg,no_fire,train
no_fire,Hero_2007Upsell_1920x560.jpg,no_fire,train
no_fire,Hero_O365ForBusiness_1920x560.jpg,no_fire,train
no_fire,Hot-in-Cleveland-house-at-night-front.jpg,no_fire,train
no_fire,Hotel_Monterey_La_Soeur_Osaka_standard_twin_bedroom_20121102-001.jpg,no_fire,train
no_fire,IMG_0285.jpg,no_fire,train
no_fire,Innfjorden-cruise-boat-romsdalsfjorden-rauma-norway-2-1_ecfd17ae-9a5b-4dce-aa53-05696299858c.jpg,no_fire,train
no_fire,Input-Group-King's-Cross-St-Pancras-Travel-CCTV-Back-Office.jpg,no_fire,train
no_fire,Interior Design Ideas (3).jpg,no_fire,train
no_fire,JB224_03_Colourful_christmas_table_setting_in_red_and_gold_with_roses_and_candlelight_and_christmas_tree.jpg,no_fire,train
no_fire,JEs238e.jpg,no_fire,test
no_fire,Kristiansund_Atlanticrd_740.jpg,no_fire,train
no_fire,Lake-Edward.jpg,no_fire,train
no_fire,Lappis_gkok-1024x681.jpg,no_fire,train
no_fire,Late_model_Ford_Model_T.jpg,no_fire,train
no_fire,Le-Meridien-Piccadilly--Classic-Room.jpg,no_fire,train
no_fire,Le-Meridien-Piccadilly--Club-Room.jpg,no_fire,train
no_fire,Liberia-terminal_newsfull_h.jpg,no_fire,train
no_fire,Light-wood-white-interior.jpg,no_fire,train
no_fire,LimeLightsDallas.812.jpg,no_fire,train
no_fire,Location_Eurocopter-EC145_Mercedes-Style-www.acarinparis.com_location_voiture_luxe_paris.jpg,no_fire,train
no_fire,Lofoten-800px-Raftsundet_from_Raftsund_Bridge_2010_September.jpg,no_fire,train
no_fire,Lofoten-Norway-Northern-Lights-13.jpg,no_fire,train
no_fire,Lofoten-islands-Norway-are-known-for-white-sand-beaches-and-vertical-Granite-fjords..-But-most-of-al.jpg,no_fire,train
no_fire,London-Office--tojpeg_1431338424080_x2.jpg,no_fire,train
no_fire,MW-AU747_wolf_t_20120924164002_MG.jpg,no_fire,train
no_fire,Meeting room with people.jpg,no_fire,train
no_fire,Meeting room with people2.jpg,no_fire,train
no_fire,Multipurpose-home-office-design-with-unique-table-and-quartz-countertop.jpg,no_fire,train
no_fire,NBR_Santa_Monica_Mountains_no_headline_111212_kfr.jpg,no_fire,train
no_fire,Narita_International_Airport_Terminal_2_counters_(1).JPG,no_fire,train
no_fire,New Picture (26).jpg,no_fire,train
no_fire,New-Natural-Waterfall-HD-Wallpaper-Collection-2013-For-PC-4.jpg,no_fire,train
no_fire,New-York-Automobile-Show.jpg,no_fire,train
no_fire,Noorwegen 12.jpg,no_fire,train
no_fire,Northern-Lights-over-Tromso-Troms-Northern-Norway_911507f0-262b-4cac-921c-eb71dbc3466e.jpg,no_fire,train
no_fire,Norway-Troms-Tromso-Panorama-view.jpg,no_fire,train
no_fire,Norway-Tromso-Northern-Lights-xlarge.jpg,no_fire,train
no_fire,Office-Space-Photo-Open-Design.jpg,no_fire,train
no_fire,Office.jpg,no_fire,train
no_fire,Office_of_the_Wikimedia_Foundation.jpg,no_fire,train
no_fire,Open-plan-office-2.jpg,no_fire,train
no_fire,P1010074sm.jpg,no_fire,train
no_fire,PJ-BE591_WORKFA_G_20120103214537.jpg,no_fire,train
no_fire,Pangu-7-Star-Hotel-Beijing-Chambre-Executive.jpg,no_fire,train
no_fire,Parish-Council-Annual-Meeting-2012.jpg,no_fire,train
no_fire,Perfect-Red-And-Gold-Rooms-45-With-Additional-with-Red-And-Gold-Rooms.jpg,no_fire,train
no_fire,Picture-014.jpg,no_fire,train
no_fire,PriceLake.jpg,no_fire,train
no_fire,Problem-smoke-bedroom.jpg,no_fire,train
no_fire,Public-Office.jpg,no_fire,train
no_fire,QzOffice-750x400-c-default.jpg,no_fire,train
no_fire,RMS_Red-living-room_Creynolds_s4x3.jpg.rend.hgtvcom.616.462.jpeg,no_fire,test
no_fire,Ramadan-Decorations-Jerusalem.jpg,no_fire,train
no_fire,ReineFishingVillage.jpg,no_fire,train
no_fire,Rent room stockholm.jpg,no_fire,train
no_fire,Romsdalsfjorden-rundt_lightbox_full_screen.jpg,no_fire,train
no_fire,Scandic-Grimstad-Exterior-facade001.jpg,no_fire,train
no_fire,Scandic-Grimstad-Exterior-surroundings.jpg,no_fire,test
no_fire,SlackOffice1-640x427.jpg,no_fire,train
no_fire,Small_World_Social_Teamwork.jpg,no_fire,train
no_fire,Sprint_Image_960x5281-900x495.jpg,no_fire,train
no_fire,Standard-single-1600x900.jpg,no_fire,train
no_fire,Sunset-Sky.png,no_fire,train
no_fire,Supermarket_z_flagami_(ubt).JPG,no_fire,train
no_fire,SverreHjornevik-FjordNorway.jpg,no_fire,train
no_fire,The-growing-sector-of-automobiles-in-India.jpg,no_fire,train
no_fire,ThinkstockPhotos-505230568-540x359.jpg,no_fire,train
no_fire,Tromso.-Photo-credits-Bard-Loken-Innovatioin-Norway-e1397066188664.jpg,no_fire,train
no_fire,Vardasen-House-13-850x1190.jpg,no_fire,train
no_fire,Vestregate_Grimstad.jpg,no_fire,train
no_fire,W020160510630506554070.jpg,no_fire,train
no_fire,W1siZiIsInVwbG9hZHMvcGxhY2VfaW1hZ2VzL2YyNzI0MDQyMTM2NjFlYzUxNl8xNTAzMjAxNDQzODcuanBnIl0sWyJwIiwidGh1bWIiLCJ4MzkwPiJdLFsicCIsImNvbnZlcnQiLCItcXVhbGl0eSA5MSAtYXV0by1vcmllbnQiXV0.jpg,no_fire,train
no_fire,W1siZiIsInVwbG9hZHMvcGxhY2VfaW1hZ2VzL2YyNzI0MDQyMTM2NjFlYzUxNl8xOTA3OTcxXzEwMTUxOTcxNTIyNjkxMjQ2XzE4NDU2MDc0OF9uLmpwZyJdLFsicCIsInRodW1iIiwieDM5MD4iXSxbInAiLCJjb252ZXJ0IiwiLXF1YWxpdHkgOTEgLWF1dG8tb3JpZW50Il1d.jpg,no_fire,train
no_fire,Warm-Bedroom-Design-590x420.jpg,no_fire,test
no_fire,Wesleyan_University_-_Russell_House_at_night_01.jpg,no_fire,train
no_fire,_91175853_a53933fd-a2e4-48aa-bbc5-735e4110cb0b.jpg,no_fire,train
no_fire,_JOB7140_728_484_70_c1_t_l.jpg,no_fire,train
no_fire,a-fairly-typical-open-office.jpg,no_fire,train
no_fire,a-golden-bedroom-with-a-feng-shui-glow.jpg,no_fire,train
no_fire,a354f9825da1a38062b2a8dd711d8500.jpg,no_fire,train
no_fire,a5f17e0b3dd5ed56bf5744f600b5c28b.jpg,no_fire,train
no_fire,a62fdb68649fa65f41872c01a058bd58.jpg,no_fire,train
no_fire,aeroport-francfort.jpg,no_fire,train
no_fire,aes7.jpg,no_fire,test
no_fire,airport-7591.jpg,no_fire,train
no_fire,amazing-modern-living-room-design-with-white-brown-walls.jpg,no_fire,train
no_fire,amsterdam_canal_houses_at_night_by_busterbrownbb-d5g1z9c.jpg,no_fire,train
no_fire,ar12811389210669.jpg,no_fire,train
no_fire,arnold-living-room-0515.jpg,no_fire,train
no_fire,article-0-15CB7791000005DC-25_634x497.jpg,no_fire,train
no_fire,article-1389742-0E432C8C00000578-832_634x436.jpg,no_fire,train
no_fire,article-2018976-0D29840100000578-237_634x384.jpg,no_fire,train
no_fire,article-2561466-1BE9F3FA00000578-681_634x415.jpg,no_fire,train
no_fire,ask-history-who-built-the-first-automobile-464493489-E.jpeg,no_fire,train
no_fire,atlantic-ocean-road-norway.jpg,no_fire,train
no_fire,atlantic-ocean-road62.jpg,no_fire,train
no_fire,atlantic-road-norway-4fv.jpg,no_fire,train
no_fire,atlantic-road-norway-6.jpg,no_fire,train
no_fire,atlantis-092712-328_1.jpg,no_fire,train
no_fire,attachment-image-1cfe3cc1-a2b6-402c-a50e-8436e4f7f3c2.jpg,no_fire,train
no_fire,autumn-sunset-sky.jpg,no_fire,train
no_fire,avtomobili-anketa-1.jpg,no_fire,train
no_fire,b33375c5ff1a2f222ebdca2b0046eecc.jpg,no_fire,train
no_fire,b3ba28f17af4917649fe0c08bc523922.jpg,no_fire,train
no_fire,b4d7b6e907c47ebb74058bac9d1953f1d138cb43b660420e4e42037915b11720.jpg,no_fire,train
no_fire,ballroom2.jpg,no_fire,train
no_fire,bangkok-airport3.jpg,no_fire,train
no_fire,bce8306b7c28fd808d52e831260b194b.jpg,no_fire,train
no_fire,beautiful-village-norway.jpg,no_fire,train
no_fire,bergen-norway-streets_11921_600x450.jpg,no_fire,train
no_fire,best_western_mornington_hotel_london.jpg,no_fire,train
no_fire,bfed338d24.jpg,no_fire,train
no_fire,black-and-beige-room.jpg,no_fire,train
no_fire,blue-ice-throstur-1.jpg,no_fire,train
no_fire,bn-0.jpg,no_fire,train
no_fire,board-room.jpg,no_fire,train
no_fire,boardroom.jpg,no_fire,train
no_fire,buntzen-lake-full-width-nature.jpg,no_fire,test
no_fire,c77e354d46f7e8cc7babe8fdf8f93c76.jpg,no_fire,train
no_fire,california-palm.jpg,no_fire,train
no_fire,canvas-press_custom-wallpaper_conference_room.jpg,no_fire,test
no_fire,case_study_large_image_182_large.jpg,no_fire,train
no_fire,cdnassets.hw.net.jpg,no_fire,train
no_fire,ce17da98fd0525cbe7ea1816b90fe4d9.jpg,no_fire,train
no_fire,cglb-deluxe.jpg,no_fire,train
no_fire,cheap-backyard-landscaping-ideas-pictures.jpg,no_fire,train
no_fire,choosing-right-cctv-for-office.jpg,no_fire,train
no_fire,city_streets2_800.JPG,no_fire,train
no_fire,coastal-norway-kirkefjorden-lofoten-island-peaks-615.jpg,no_fire,train
no_fire,conference-room2.jpg,no_fire,train
no_fire,contemporary-family-room.jpg,no_fire,test
no_fire,cool-home-office-ideas-and-get-inspired-to-redecorate-your-Home-Office-with-these-decorative-Home-Office-ideas-1.jpg,no_fire,train
no_fire,cph_virt2.jpg,no_fire,train
no_fire,crowne-plaza-rome-4393591168-4x3.jpg,no_fire,train
no_fire,crystal-cave-8.jpg,no_fire,test
no_fire,csm_Norwegen-Slider-1-WEB_481d92d85e.jpg,no_fire,train
no_fire,d=23&p=9970&t=4.jpg,no_fire,train
no_fire,da97b0fd08647c127e2912608c6bf9b7.jpg,no_fire,train
no_fire,dad00d78-c771-4a5f-9dcd-7be5814a7e7f.1.10.jpg,no_fire,train
no_fire,dalen-i-telemark.jpg,no_fire,train
no_fire,darcy434_largeimage.jpg,no_fire,train
no_fire,dark-red-living-room.jpg,no_fire,train
no_fire,day7_8.jpg,no_fire,train
no_fire,deluxe-room-01.jpg,no_fire,train
no_fire,deluxe-room-02.jpg,no_fire,train
no_fire,deluxe-room-03.jpg,no_fire,train
no_fire,dizain-na-osvetlenieto4.jpg,no_fire,test
no_fire,doc_14_4.jpg,no_fire,train
no_fire,dubai-airport2.jpg,no_fire,train
no_fire,dusk_756x350.jpg,no_fire,train
no_fire,e20bdf8a3c4198fcb9b64ee003254f64.jpg,no_fire,train
no_fire,e389ecba7de8e3645ee346d3d19703b6.jpg,no_fire,train
no_fire,e3d93d96e76e00a0c1df99a94f33c921.jpg,no_fire,test
no_fire,eastern-europe-street-gr.jpg,no_fire,train
no_fire,eclectic-living-room.jpg,no_fire,train
no_fire,efe.jpg,no_fire,train
no_fire,euro-standards_728_410_70_c1_t_l.jpg,no_fire,train
no_fire,european-room-denver-2.jpg,no_fire,train
no_fire,european-room-denver-3.jpg,no_fire,test
no_fire,exterior-paint-colors-for-houses.jpg,no_fire,train
no_fire,f0e56866db7a2b2b7ce8fb1c6fa9a6c1bf6d951b443cec372c0f7fed6bbdb947.jpg,no_fire,train
no_fire,f16-small-meeting-roompost.jpg,no_fire,test
no_fire,f301e43bcd7a738afc1f7926ced876da.jpg,no_fire,train
no_fire,f90f62c721068418828c0d99b5d892d0.jpg,no_fire,train
no_fire,f9f940136732b21b0ec69a392757d6cf.jpg,no_fire,train
no_fire,fairy-tale-viking-architecture-norway-8__880.jpg,no_fire,train
no_fire,fe4d6738c20d6063f34637ed6b56228e.jpg,no_fire,train
no_fire,file=5CF84195797947C67C2C3DE93B6C3ED49B483E0A.jpg&dh=532&dw=800&cropX=0&cropY=0&cropH=681&cropW=1024.jpg,no_fire,train
no_fire,fire-featured.jpg,no_fire,train
no_fire,fireplace-with-no-fire.jpg,no_fire,train
no_fire,flathead-lake-montana-8.jpg,no_fire,train
no_fire,four-rooms.jpg,no_fire,train
no_fire,gallery-1428596092-home-sweet-home-living-room-0515.jpg,no_fire,train
no_fire,gazebo1.jpg,no_fire,train
no_fire,geneva-shopping-street.jpg,no_fire,train
no_fire,glacier.jpg,no_fire,test
no_fire,great-spot-absolutely.jpg,no_fire,train
no_fire,grimstad gaagate 02.jpg,no_fire,train
no_fire,grimstad gate 02.jpg,no_fire,train
no_fire,grimstad_panorama.jpg,no_fire,train
no_fire,gty_employees_working_office_jt_121218_wb.jpg,no_fire,train
no_fire,gty_open_plan_office_ll_130701_33x16_1600.jpg,no_fire,train
no_fire,hd-mediaitemid19113-1996.jpg,no_fire,train
no_fire,home-image-small.jpg,no_fire,train
no_fire,homeland-stavanger-wooden.jpg,no_fire,train
no_fire,hotel-continental-marienbad-room-standard-10.jpg,no_fire,train
no_fire,hotel.jpg,no_fire,train
no_fire,house off lincoln road night.jpg,no_fire,train
no_fire,house-with-lights-on.jpg,no_fire,train
no_fire,house5.jpg,no_fire,train
no_fire,iStock_000020716385Large-1024x683.jpg,no_fire,train
no_fire,idol_line_art.jpg,no_fire,train
no_fire,image.aspx.jpg,no_fire,train
no_fire,image.jpg,no_fire,train
no_fire,image3tffh.jpg,no_fire,train
no_fire,images.jpg,no_fire,train
no_fire,images1594234_Cadillac_57_1918_Sieber_Copyright_Egger_eu_moto_images_classic_cars_5001.jpg,no_fire,train
no_fire,images34.jpg,no_fire,train
no_fire,img31.jpg,no_fire,train
no_fire,img_0465.jpg,no_fire,train
no_fire,img_4965_640x427.jpg,no_fire,train
no_fire,index.jpg,no_fire,train
no_fire,interior-design-living-room-unique-with-images-of-interior-design-exterior-in-ideas.jpg,no_fire,train
no_fire,irodaikomfort.jpg,no_fire,test
no_fire,ist_ataturk_08_0116_2.jpg,no_fire,train
no_fire,iyyt.jpg,no_fire,train
no_fire,jan-2011-free-oslo_27226_600x450.jpg,no_fire,train
no_fire,khon_kaen_photo_36.jpg,no_fire,train
no_fire,la-airport-1024x758.jpg,no_fire,train
no_fire,large-meeting-room.jpg,no_fire,train
no_fire,large_mpceb_DeluxeTwinRoom.jpg,no_fire,train
no_fire,leshan_china_buddha.jpg,no_fire,train
no_fire,lighting-in-interior-design-interior-home-lighting-lovely-for-your-interior-design-of-bedrooms-ideas.jpg,no_fire,train
no_fire,lister_schaffer.jpg,no_fire,test
no_fire,living-room-astounding-living-room-design-with-l-shaped-sofa-and-white-table-on-the-orange-rug-and-dark-floor-complete-with-brown-wicker-egg-chairs-also-fireplace-living-room-makeovers-ideas-936x701.jpg,no_fire,train
no_fire,living-room-european-appartment.jpg,no_fire,train
no_fire,living-room-large-big-interior-design-2.jpg,no_fire,train
no_fire,llanelli-fire-red-room.jpg,no_fire,train
no_fire,main-qimg-f42d9fe3ea8e255dece2196f1e588ce0-c.jpg,no_fire,train
no_fire,maxresdefault.jpg,no_fire,train
no_fire,maxresdefault343.jpg,no_fire,test
no_fire,maxresdefaultvfv.jpg,no_fire,train
no_fire,mda.jpg,no_fire,train
no_fire,meda_bia_class_0.jpg,no_fire,train
no_fire,meeting.jpg,no_fire,train
no_fire,meetings.jpg,no_fire,train
no_fire,messy-office-space.jpg,no_fire,train
no_fire,mi-plage-hawai.jpg,no_fire,train
no_fire,modern-landscape-design-14a.jpg,no_fire,train
no_fire,modern-living-room-with-TV-Neopolis.jpg,no_fire,train
no_fire,mountains-Kirkjufe_3374110a-large.jpg,no_fire,train
no_fire,moving-green-mountains.jpg,no_fire,train
no_fire,mps-conv-store-model2.jpg,no_fire,train
no_fire,mr_00098143.jpg,no_fire,train
no_fire,n36036_kitchen_01.jpg,no_fire,train
no_fire,n36036_living_01.jpg,no_fire,train
no_fire,narrow-shopping-street-in-macau-china-ae1twt.jpg,no_fire,train
no_fire,narrowst3_barca.jpg,no_fire,train
no_fire,neath_port_talbot_conference_meeting_v_Neath_Port_Talbot_Conference_Meeting_Rooms_.jpg,no_fire,train
no_fire,nord.jpg,no_fire,train
no_fire,normal-home-living-room-denbesten-real-estate-bloomington-rooms-1602-bensington-master-bedroom.jpg,no_fire,train
no_fire,normal-room-with-private.jpg,no_fire,train
no_fire,north-norway-1.jpg,no_fire,train
no_fire,norway-fjord-beautiful.jpg,no_fire,train
no_fire,norway-gamle-bergen-museum.jpg,no_fire,train
no_fire,norway-landscape-photography-scandinavian-nature-1.jpg,no_fire,train
no_fire,norway-landscape-photography-scandinavian-nature-4.jpg,no_fire,train
no_fire,norway-northern-lights.jpg.adapt.945.1.jpg,no_fire,train
no_fire,norway-old-bergen-museum.jpg,no_fire,train
no_fire,norway-school-trips-geirangerfjord-vn.jpg,no_fire,train
no_fire,norway.jpg,no_fire,train
no_fire,norway___view_of_the_geiranger_by_agivega.jpg,no_fire,train
no_fire,norway_memorial_26apr12-878x585.jpg,no_fire,train
no_fire,norway_streets.jpg,no_fire,train
no_fire,o-BRIGHT-LIGHTING-ROOM-LAMP-facebook.jpg,no_fire,train
no_fire,office-05.jpg,no_fire,train
no_fire,office-9.jpg,no_fire,train
no_fire,office-cctv-cameras-400x2661.jpg,no_fire,train
no_fire,office-conference-room-design-ideas_354725.jpg,no_fire,train
no_fire,office-googlereuse.jpg,no_fire,train
no_fire,office3.jpg,no_fire,train
no_fire,office_environment-googlereuse.jpg,no_fire,train
no_fire,officedsdg.jpg,no_fire,train
no_fire,open-offices.jpg,no_fire,train
no_fire,open-plan-office-with-people.jpg,no_fire,train
no_fire,oslo t01.JPG,no_fire,train
no_fire,oslo t07.JPG,no_fire,train
no_fire,oslo-city.jpg,no_fire,train
no_fire,p1170311.jpg,no_fire,test
no_fire,p9200593.jpg,no_fire,train
no_fire,parkingdayLX-0382.jpg,no_fire,train
no_fire,patagonia-and-atacama-national-geographic.jpg,no_fire,train
no_fire,pexels-photo-41118.jpeg,no_fire,test
no_fire,phuket-bus-station.jpg,no_fire,train
no_fire,pic_The-conference-room-Sits-up-to-35-people_577093_large.jpg,no_fire,train
no_fire,plages-a-la-montagne_1011303.jpg,no_fire,train
no_fire,plates-on-wall-cottage-living-room.jpg,no_fire,train
no_fire,plot-projects-overview-big_image_url-1403254458.jpg,no_fire,train
no_fire,polycom-conference-room-1.jpg,no_fire,train
no_fire,potd01083110.jpg,no_fire,train
no_fire,quilotoa.jpg,no_fire,train
no_fire,real-journeys-400x400x.jpg,no_fire,train
no_fire,red-house.png,no_fire,train
no_fire,red_room_sml.jpg,no_fire,test
no_fire,removals-companies2.jpg,no_fire,train
no_fire,romantic-bedrooms-bedrooms-and-red-color-schemes-on-pinterest-classic-bedroom-colors-red-768x511.jpg,no_fire,train
no_fire,rome-11oct22-5362_med.jpeg,no_fire,train
no_fire,room-004.jpg,no_fire,train
no_fire,room.jpg,no_fire,train
no_fire,room1212.jpg,no_fire,train
no_fire,room6_450_reload.jpg,no_fire,train
no_fire,room_image3324.jpg,no_fire,train
no_fire,rooms-hotel-tbilisi-suite-bed-and-bathtub-city-view-a-01-x2.jpg,no_fire,train
no_fire,rooms-image-small.jpg,no_fire,train
no_fire,roros-town-street_2015.jpg,no_fire,train
no_fire,rs600x0deluxeoceanfrontviewroom.jpg,no_fire,train
no_fire,ryfylke_preikestolen_norway_tourist_attraction_forsand_a80257b5-f175-48d8-8e41-e60dbfa63d8d.jpg,no_fire,train
no_fire,salle-de-bains-amenagement-69157893.jpg,no_fire,train
no_fire,seminar-05.jpg,no_fire,test
no_fire,shopping_large.jpg,no_fire,train
no_fire,simply-rooms-suites.jpg,no_fire,train
no_fire,skyline-midnight-sun-bodo-norway-2-1_99eca994-01e7-47b1-a370-b551d6f53552.jpg,no_fire,test
no_fire,slettnes-light-house-nordkyn-norway-2-1_a115bf39-6e5b-4619-8b91-d943b330fe1d.jpg,no_fire,train
no_fire,slide-201512-norway-06.jpg,no_fire,test
no_fire,slide_16575_230449_free.jpg,no_fire,train
no_fire,small-conference1.jpg,no_fire,train
no_fire,small-room-medium.jpg,no_fire,train
no_fire,small7_main-street.jpg,no_fire,train
no_fire,smart-pillowcase-sofas-completee-living-room-witn-minimalist-charity.jpg,no_fire,test
no_fire,sonnenuntergang-am-lake.jpg,no_fire,train
no_fire,stalag.jpg,no_fire,train
no_fire,success_78_pic_02.jpg,no_fire,train
no_fire,sunset-palms.jpg,no_fire,train
no_fire,sunset24.jpg,no_fire,train
no_fire,sunset_by_koko_stock-d5ls8sf.jpg,no_fire,train
no_fire,sunset_sky_2_by_manichysteriastock-d3bjiec1.jpg,no_fire,train
no_fire,supermarket-1200x800-1024x682.jpg,no_fire,test
no_fire,sweden-landscape-wallpaper-1-1280x500.jpg,no_fire,train
no_fire,sygard_grytting_historic_hotel_lillehammer_norway_2_1_901e866d-9488-4b25-b5c9-6013159c60d3.jpg,no_fire,train
no_fire,the-atlantic-norway.jpg,no_fire,train
no_fire,the_norwegian_national_opera_ballet_oslo_norway_2_1_516d1910-7fb8-4b87-8670-c1288f824cf0.jpg,no_fire,train
no_fire,theoffice3.jpg,no_fire,train
no_fire,thiet-ke-san-vuon-biet-thu-14.JPG,no_fire,train
no_fire,throstur-1.jpg,no_fire,train
no_fire,thumb2-ledjanaja-pewera-reka-led-vechnye-ldy.jpg,no_fire,train
no_fire,thumb_TTQG.jpg,no_fire,train
no_fire,thumbnail.jpg,no_fire,train
no_fire,tip-2-img-1.jpg,no_fire,train
no_fire,ttthumb-505x200.jpg,no_fire,train
no_fire,tumblr_inline_nj85l1oMaC1t5js1c.jpg,no_fire,train
no_fire,tumblr_inline_o6asxjqcCk1qgp297_500.jpg,no_fire,test
no_fire,tumblr_mfup9m6Ttl1r0n5y3o1_1280.jpg,no_fire,train
no_fire,tumblr_nhcrcizCaH1ty53xvo1_1280.jpg,no_fire,test
no_fire,tumblr_nyrywkyp4Y1tql859o1_1280.jpg,no_fire,test
no_fire,tumblr_ohha8jH8dr1rs81xfo1_500.jpg,no_fire,train
no_fire,typical-desk-setup.jpg,no_fire,train
no_fire,typical-office-layout.jpg,no_fire,test
no_fire,uncle-clay-s-house-of.jpg,no_fire,train
no_fire,unnamed.jpg,no_fire,train
no_fire,up5.jpg,no_fire,train
no_fire,vaerl-fron-toppen.jpg,no_fire,train
no_fire,vermont-tours-green-mountains.jpg,no_fire,test
no_fire,virgo-esb-liberty-meeting-room-800.jpg,no_fire,train
no_fire,virgo-grand-central-meeting-room-800.jpg,no_fire,train
no_fire,virgo-penn-station-new-yorker-room-800.jpg,no_fire,train
no_fire,visa_requirements_for_norway-56e03f4b96539.jpg,no_fire,train
no_fire,visionneuse7.jpg,no_fire,train
no_fire,w300x200.jpg,no_fire,test
no_fire,wallpapers_1.jpg,no_fire,train
no_fire,warm-tech-living-room.jpg,no_fire,train
no_fire,white-and-orange-living-and-dining-room.jpg,no_fire,train
no_fire,working-in-office.png,no_fire,test
no_fire,x14862823.jpg,no_fire,train
no_fire,xR7vfcy.jpg,no_fire,train
no_fire,xbR1sVO.png,no_fire,test
no_fire,xsylvia-hotel-queen-room.jpg.pagespeed.ic.hw9Tgtz7QM.jpg,no_fire,train
no_fire,y5IQiH.jpg,no_fire,train
